date_range_start,date_range_end,placekey,sg_wp__parent_placekey,sg_wp__location_name,sg_wp__street_address,sg_wp__city,sg_wp__region,sg_wp__postal_code,sg_wp__iso_country_code,sg_wp__safegraph_brand_ids,sg_wp__brands,sg_wp__date_range_start,sg_wp__date_range_end,sg_wp__raw_visit_counts,sg_wp__raw_visitor_counts,sg_wp__visits_by_day,sg_wp__visits_by_each_hour,sg_wp__poi_cbg,sg_wp__visitor_home_cbgs,sg_wp__visitor_home_aggregation,sg_wp__visitor_daytime_cbgs,sg_wp__visitor_country_of_origin,sg_wp__distance_from_home,sg_wp__median_dwell,sg_wp__bucketed_dwell_times,sg_wp__related_same_day_brand,sg_wp__related_same_week_brand,sg_wp__device_type,sg_wp__normalized_visits_by_state_scaling,sg_wp__normalized_visits_by_total_visits,sg_wp__normalized_visits_by_total_visitors,sg_wp__normalized_visits_by_region_naics_visits,sg_wp__normalized_visits_by_region_naics_visitors
4/6/20,4/13/20,222-222@3bh-zvc-d35,,Soldotna Professional Pharmacy,299 N Binkley St,Soldotna,AK,99669,US,,,2020-04-06T00:00:00-08:00,2020-04-13T00:00:00-08:00,33,28,"[8,9,6,4,5,1,0]","[0,0,0,0,0,0,0,0,0,1,1,0,3,0,0,1,1,1,0,0,0,0,0,0,0,0,0,0,0,0,1,0,0,0,0,1,2,1,3,0,1,0,0,0,0,0,0,0,0,0,0,0,0,0,0,1,1,0,0,0,1,0,1,0,0,1,1,0,0,0,0,0,0,0,0,1,0,0,0,0,0,0,0,0,1,0,0,1,1,0,0,0,0,0,0,0,0,0,0,0,0,0,0,0,0,0,0,0,2,0,3,0,0,0,0,0,0,0,0,0,0,0,0,0,0,0,0,0,0,0,1,0,0,0,0,0,0,0,0,0,0,0,0,0,0,0,0,0,0,0,0,0,0,0,0,0,0,0,0,0,0,0,0,0,0,0,0,0]",21220005003,"{""021220007005"":4,""021220005002"":4,""021220007001"":4}","{""02122000500"":10,""02122000700"":6,""02122000400"":4,""02185000300"":4}","{""021220004001"":4,""021220005002"":4,""021220005004"":4,""021220005003"":4,""021220008001"":4,""021220006005"":4,""021220007002"":4}","{""US"":23}",7902,10,"{""<5"":4,""5-10"":13,""11-20"":6,""21-60"":7,""61-120"":2,""121-240"":0,"">240"":1}","{""Fred Meyer"":24,""Fred Meyer Jewelers"":14,""Dairy Queen"":10,""Safeway Pharmacy"":10,""Three Bears Alaska"":7,""Petco"":3,""Walmart"":3,""Chevron"":3,""Pita Pit"":3,""Taco Bell"":3,""NAPA Auto Parts"":3,""Ford Motor Company"":3,""Carpet One Floor & Home"":3,""Wells Fargo"":3,""U-Haul"":3,""AutoZone"":3}","{""Fred Meyer"":54,""Fred Meyer Jewelers"":21,""Safeway Pharmacy"":21,""Walmart"":18,""Three Bears Alaska"":14,""Taco Bell"":11,""Dairy Queen"":11,""Petco"":7,""Chevron"":7,""Pita Pit"":7,""The Home Depot"":7,""Safeway"":7,""Papa John's"":7,""United States Postal Service (USPS)"":7,""McDonald's"":7,""Quality Inn"":7,""Papa Murphy's"":4,""Quick Lane"":4,""NAPA Auto Parts"":4,""The Salvation Army"":4}","{""android"":16,""ios"":5}",,,,,
4/6/20,4/13/20,222-222@3bk-j6j-fpv,,St Mary's School,2932 Mill Bay Rd,Kodiak,AK,99615,US,,,2020-04-06T00:00:00-08:00,2020-04-13T00:00:00-08:00,2,2,"[0,1,0,0,0,1,0]","[0,0,0,0,0,0,0,0,0,0,0,0,0,0,0,0,0,0,0,0,0,0,0,0,0,0,0,0,0,0,0,0,0,0,0,0,0,1,0,0,0,0,0,0,0,0,0,0,0,0,0,0,0,0,0,0,0,0,0,0,0,0,0,0,0,0,0,0,0,0,0,0,0,0,0,0,0,0,0,0,0,0,0,0,0,0,0,0,0,0,0,0,0,0,0,0,0,0,0,0,0,0,0,0,0,0,0,0,0,0,0,0,0,0,0,0,0,0,0,0,0,0,0,0,0,0,0,0,0,1,0,0,0,0,0,0,0,0,0,0,0,0,0,0,0,0,0,0,0,0,0,0,0,0,0,0,0,0,0,0,0,0,0,0,0,0,0,0]",21500002003,{},{},{},"{""US"":4}",,4,"{""<5"":2,""5-10"":0,""11-20"":0,""21-60"":0,""61-120"":0,""121-240"":0,"">240"":0}",{},{},"{""android"":0,""ios"":4}",,,,,
4/6/20,4/13/20,222-222@3bt-br6-789,zzw-222@3bt-br6-73q,Olive Garden,1186 N Muldoon Rd,Anchorage,AK,99504,US,SG_BRAND_29e52fe03f73e6ce21a527123c4d97b0,Olive Garden,2020-04-06T00:00:00-08:00,2020-04-13T00:00:00-08:00,29,27,"[1,7,3,5,3,6,4]","[0,0,0,0,0,0,0,0,0,0,0,0,0,0,0,0,0,0,0,0,0,1,0,0,0,0,0,0,0,0,0,0,0,0,0,0,1,0,0,1,0,1,1,1,2,0,0,0,0,0,0,0,0,0,0,0,0,0,0,0,0,1,0,0,0,0,1,1,0,0,0,0,0,0,0,0,0,0,0,0,1,0,0,0,1,0,0,0,1,2,0,0,0,0,0,0,0,0,0,0,0,0,0,0,0,0,0,0,0,0,0,0,1,1,0,1,0,0,0,0,0,0,0,0,0,0,0,0,0,0,0,1,1,1,0,1,0,0,0,1,0,0,1,0,0,0,0,0,0,0,0,0,0,0,0,0,0,0,0,1,2,0,0,1,0,0,0,0]",20200004001,"{""020200003001"":7,""020200001013"":5,""021700005022"":4,""020200004001"":4,""020200017311"":4}","{""02020000300"":8,""02170000705"":4,""02020000102"":4,""02020001731"":4}","{""020200003001"":7,""020200017024"":4,""020200009012"":4,""021700005022"":4}","{""US"":24}",4378,10,"{""<5"":1,""5-10"":16,""11-20"":9,""21-60"":2,""61-120"":1,""121-240"":0,"">240"":0}","{""Target"":14,""Walmart"":7,""Lowe's"":7,""Fred Meyer"":7,""Starbucks"":7,""Raising Cane's"":7,""Shell Oil"":7,""Chevron"":4,""Goodwill Industries"":4,""CARQUEST Auto Parts"":4,""Holiday Station"":4,""Fred Meyer Jewelers"":4,""Kohl's"":4,""Panda Express"":4,""Top Fitnes"":4,""Smashburger"":4,""Sally Beauty Supply"":4,""Guitar Center"":4}","{""Walmart"":41,""Fred Meyer"":19,""Target"":15,""Chevron"":15,""Lowe's"":15,""Holiday Station"":15,""Taco Bell"":11,""Costco"":11,""Panda Express"":11,""McDonald's"":11,""Shell Oil"":11,""Sonic"":7,""Goodwill Industries"":7,""Starbucks"":7,""Carrs"":7,""Raising Cane's"":7,""United States Postal Service (USPS)"":7,""Cabela's"":4,""Three Bears Alaska"":4,""CARQUEST Auto Parts"":4}","{""android"":11,""ios"":14}",,,,,
4/6/20,4/13/20,222-222@3bt-byd-ks5,,GCI Store,2800 C St,Anchorage,AK,99503,US,,,2020-04-06T00:00:00-08:00,2020-04-13T00:00:00-08:00,16,12,"[4,2,2,3,2,3,0]","[0,0,0,0,0,0,0,0,0,1,0,0,2,0,0,0,1,0,0,0,0,0,0,0,0,0,0,0,0,0,0,0,0,0,0,0,0,1,0,0,0,0,1,0,0,0,0,0,0,0,0,0,0,0,0,0,0,0,0,0,0,1,1,0,0,0,0,0,0,0,0,0,0,0,0,0,0,0,0,0,0,0,0,1,0,1,0,0,0,0,0,0,1,0,0,0,0,0,0,0,0,0,0,0,0,0,0,0,0,0,0,0,0,1,1,0,0,0,0,0,0,0,0,0,0,0,0,0,0,0,0,0,0,0,0,2,0,0,1,0,0,0,0,0,0,0,0,0,0,0,0,0,0,0,0,0,0,0,0,0,0,0,0,0,0,0,0,0]",20200019001,"{""020200014002"":4,""020200009022"":4,""020200020003"":4}","{""02020002201"":4}","{""020200008024"":4,""020200009021"":4}","{""US"":9}",2139,10,"{""<5"":1,""5-10"":8,""11-20"":2,""21-60"":2,""61-120"":1,""121-240"":2,"">240"":0}","{""Walmart"":20,""Rodda Paint"":13,""Raising Cane's"":13,""United States Postal Service (USPS)"":13,""Johnstone Supply"":7,""Graybar"":7,""Holiday Station"":7,""Papa John's"":7,""Hyatt House"":7,""Fred Meyer Jewelers"":7,""Qdoba Mexican Grill"":7,""Walgreens"":7,""Dairy Queen"":7,""Panda Express"":7,""Carl's Jr."":7,""Texas Roadhouse"":7,""Lithia Auto Stores"":7,""Marriott Hotels"":7}","{""Walmart"":33,""Holiday Station"":33,""Chevron"":25,""Walgreens"":25,""Fred Meyer"":17,""Starbucks"":17,""Fred Meyer Jewelers"":17,""Costco"":17,""United States Postal Service (USPS)"":17,""Target"":8,""Johnstone Supply"":8,""Rodda Paint"":8,""The Salvation Army"":8,""KFC"":8,""Graybar"":8,""Allstate Insurance"":8,""Brown Jug"":8,""Wingstop"":8,""Papa John's"":8,""Mack Trucks"":8}","{""android"":6,""ios"":7}",,,,,
4/6/20,4/13/20,222-222@3bt-byd-v9f,,Staybridge Suites,200 Calais Dr,Anchorage,AK,99503,US,SG_BRAND_45b0d5fc3ce65a34ccc73e2849a1e881,Staybridge Suites,2020-04-06T00:00:00-08:00,2020-04-13T00:00:00-08:00,75,13,"[12,7,9,10,14,16,7]","[0,0,0,1,0,0,0,0,0,0,1,1,0,0,1,1,3,0,2,1,0,0,1,0,0,0,0,0,0,0,0,0,0,0,1,1,1,0,0,1,1,0,1,0,0,0,1,0,1,0,0,0,0,0,0,1,0,1,1,0,0,0,0,0,1,1,2,0,0,0,1,0,1,0,0,0,0,1,0,0,0,0,0,0,1,2,0,0,1,1,1,0,0,0,1,1,0,0,0,1,0,1,0,0,0,0,1,0,1,0,0,0,1,3,1,2,2,0,1,0,1,1,1,0,0,0,0,0,0,1,0,3,1,0,1,0,4,2,0,0,0,0,0,1,0,0,0,0,0,0,1,0,0,1,1,1,0,1,0,0,2,0,0,0,0,0,0,0]",20200019001,"{""020200007011"":5,""160050016032"":4,""191530102033"":4}","{""02122001000"":4}","{""530330284024"":5,""020900013001"":4,""020200007011"":4,""020200023034"":4,""020200007022"":4,""021220010001"":4}","{""US"":17}",194833,75,"{""<5"":0,""5-10"":7,""11-20"":7,""21-60"":19,""61-120"":13,""121-240"":16,"">240"":13}","{""Walmart"":38,""Taco Bell"":6,""Chevron"":3,""Lowe's"":3,""Holiday Station"":3,""Enterprise Rent-A-Car"":3,""Burger King"":3,""McDonald's"":3,""Crowne Plaza Hotels and Resorts"":3,""Shell Oil"":3,""Outback Steakhouse"":3,""Arby's"":3}","{""Walmart"":85,""Chevron"":15,""Fred Meyer"":15,""Holiday Station"":15,""Fred Meyer Jewelers"":15,""Home2 Suites"":15,""McDonald's"":15,""Crowne Plaza Hotels and Resorts"":15,""Shell Oil"":15,""Arby's"":15,""Canada Post"":8,""Papa Murphy's"":8,""Four Points By Sheraton"":8,""Taco Bell"":8,""Lowe's"":8,""The Home Depot"":8,""Buffalo Wild Wings"":8,""Starbucks"":8,""Carrs"":8,""Enterprise Rent-A-Car"":8}","{""android"":10,""ios"":4}",,,,,
4/6/20,4/13/20,222-222@3bt-byj-q4v,,Bridges Counseling Connections,8717 Dimond D Cir,Anchorage,AK,99515,US,,,2020-04-06T00:00:00-08:00,2020-04-13T00:00:00-08:00,6,5,"[3,1,0,1,1,0,0]","[0,0,0,0,0,0,0,0,0,1,0,0,0,2,0,0,0,0,0,0,0,0,0,0,0,0,0,0,0,0,0,0,0,0,0,1,0,0,0,0,0,0,0,0,0,0,0,0,0,0,0,0,0,0,0,0,0,0,0,0,0,0,0,0,0,0,0,0,0,0,0,0,0,0,0,0,0,0,0,0,0,0,0,0,0,0,1,0,0,0,0,0,0,0,0,0,0,0,0,0,0,0,0,0,0,1,0,0,0,0,0,0,0,0,0,0,0,0,0,0,0,0,0,0,0,0,0,0,0,0,0,0,0,0,0,0,0,0,0,0,0,0,0,0,0,0,0,0,0,0,0,0,0,0,0,0,0,0,0,0,0,0,0,0,0,0,0,0]",20200027121,"{""020200004001"":4,""020200028213"":4}","{""02020002812"":4}","{""020200027124"":4,""020200017312"":4,""020200027121"":4}","{""US"":6}",3834,76,"{""<5"":0,""5-10"":0,""11-20"":0,""21-60"":2,""61-120"":2,""121-240"":2,"">240"":0}","{""McDonald's"":20,""Holiday Station"":20,""Komatsu"":20}","{""Walmart"":40,""Goodwill Industries"":20,""MK Battery Distribution Center"":20,""PetSmart"":20,""Holiday Station"":20,""McDonald's"":20,""Komatsu"":20}","{""android"":0,""ios"":4}",,,,,
4/6/20,4/13/20,222-222@3bt-byp-52k,,Chevron,2200 W Dimond Blvd,Anchorage,AK,99515,US,SG_BRAND_0a1e9bfcb49a6541809c358da5cb205c,Chevron,2020-04-06T00:00:00-08:00,2020-04-13T00:00:00-08:00,98,86,"[10,11,17,17,18,16,9]","[0,1,0,0,0,0,0,0,1,0,0,0,2,1,0,0,0,1,1,0,0,2,0,1,0,0,0,0,0,0,0,0,0,0,1,1,0,2,1,0,3,0,0,2,1,0,0,0,0,0,0,0,1,0,0,1,1,2,2,1,1,0,0,1,2,3,0,1,1,0,0,0,0,0,0,0,0,0,0,0,2,1,0,2,0,0,1,3,0,3,1,2,0,1,1,0,0,0,0,0,0,0,0,0,1,0,2,1,0,0,4,2,3,1,2,1,0,1,0,0,0,0,0,0,0,0,0,0,0,2,2,0,0,1,1,0,4,4,1,0,1,0,0,0,0,0,0,0,0,0,0,0,0,0,2,1,0,1,0,0,0,0,2,1,1,0,1,0]",20200027125,"{""020200027124"":8,""020200023023"":7,""020200023031"":6,""020200023011"":6,""020200027114"":6,""020200027125"":5,""020200027113"":4,""020200023034"":4,""020200023013"":4,""020200022021"":4,""020200027022"":4,""020200023035"":4}","{""02020002712"":16,""02020002303"":14,""02020002711"":13,""02020002301"":9,""02020002501"":4,""02020002000"":4,""02020002702"":4,""02020001602"":4,""02020002302"":4}","{""020200027112"":6,""020200023011"":6,""020200027125"":6,""020200023035"":5,""020200027124"":5,""020200016021"":4,""020200027114"":4,""020200025023"":4,""020200006001"":4,""020200023031"":4,""021700007032"":4,""020200020004"":4,""021220005003"":4,""020200023023"":4,""020200027022"":4,""020200027113"":4}","{""US"":78,""TH"":4}",2003,9,"{""<5"":5,""5-10"":52,""11-20"":18,""21-60"":17,""61-120"":0,""121-240"":3,"">240"":3}","{""Holiday Station"":13,""Fred Meyer Jewelers"":11,""McDonald's"":9,""Fred Meyer"":8,""Starbucks"":6,""Target"":5,""Walmart"":4,""Papa Murphy's"":3,""The Home Depot"":3,""Costco"":3,""Walgreens"":3,""United States Postal Service (USPS)"":3,""Shell Oil"":3,""Taco Bell"":2,""Sonic"":1,""Habitat for Humanity ReStore"":1,""Goodwill Industries"":1,""GoWireless"":1,""Staybridge Suites"":1,""Domino's Pizza"":1}","{""Fred Meyer Jewelers"":28,""McDonald's"":27,""Holiday Station"":24,""Fred Meyer"":23,""Starbucks"":20,""Walmart"":17,""Target"":13,""Walgreens"":12,""Taco Bell"":9,""Costco"":9,""Papa Murphy's"":7,""Lowe's"":6,""The Home Depot"":6,""United States Postal Service (USPS)"":6,""Shell Oil"":5,""Carrs"":3,""Raising Cane's"":3,""Subway"":3,""Arby's"":3,""Dodge"":2}","{""android"":25,""ios"":60}",,,,,
4/6/20,4/13/20,222-222@3bt-bzz-fs5,,Mammoth Musical Instruments,500 E 5th Ave,Anchorage,AK,99501,US,,,2020-04-06T00:00:00-08:00,2020-04-13T00:00:00-08:00,8,8,"[2,1,1,0,1,3,0]","[0,0,0,0,0,0,0,0,0,0,0,0,0,0,0,0,2,0,0,0,0,0,0,0,0,0,0,0,0,0,0,0,0,0,0,0,0,0,1,0,0,0,0,0,0,0,0,0,0,0,1,0,0,0,0,0,0,0,0,0,0,0,0,0,0,0,0,0,0,0,0,0,0,0,0,0,0,0,0,0,0,0,0,0,0,0,0,0,0,0,0,0,0,0,0,0,0,0,0,0,0,0,0,0,0,0,0,0,0,0,1,0,0,0,0,0,0,0,0,0,0,0,0,0,1,0,0,0,0,0,0,1,0,0,0,1,0,0,0,0,0,0,0,0,0,0,0,0,0,0,0,0,0,0,0,0,0,0,0,0,0,0,0,0,0,0,0,0]",20200010002,{},"{""02170001004"":4,""02020002712"":4}","{""020200028122"":4,""021700010041"":4}","{""US"":7}",10389,12.5,"{""<5"":2,""5-10"":2,""11-20"":2,""21-60"":1,""61-120"":0,""121-240"":0,"">240"":1}","{""Sheraton Hotels & Resorts"":13,""Brown Jug"":13,""Fred Meyer"":13,""Starbucks"":13,""TownePlace Suites by Marriott"":13,""Fred Meyer Jewelers"":13,""Motel 6"":13,""Costco"":13,""YWCA"":13,""Sportsman's Warehouse"":13}","{""The Home Depot"":38,""McDonald's"":38,""Walmart"":25,""Holiday Station"":25,""Starbucks"":25,""Costco"":25,""Sheraton Hotels & Resorts"":13,""Chevron"":13,""Goodwill Industries"":13,""Plato's Closet"":13,""Brown Jug"":13,""Fred Meyer"":13,""Buffalo Wild Wings"":13,""Carrs"":13,""TownePlace Suites by Marriott"":13,""Benihana"":13,""Fred Meyer Jewelers"":13,""O'Reilly Auto Parts"":13,""Motel 6"":13,""Wells Fargo"":13}","{""android"":4,""ios"":4}",,,,,
4/6/20,4/13/20,222-222@3f4-s5x-6kz,,Mt McKinley Bank,500 4th Ave,Fairbanks,AK,99701,US,,,2020-04-06T00:00:00-08:00,2020-04-13T00:00:00-08:00,1,1,"[0,0,0,1,0,0,0]","[0,0,0,0,0,0,0,0,0,0,0,0,0,0,0,0,0,0,0,0,0,0,0,0,0,0,0,0,0,0,0,0,0,0,0,0,0,0,0,0,0,0,0,0,0,0,0,0,0,0,0,0,0,0,0,0,0,0,0,0,0,0,0,0,0,0,0,0,0,0,0,0,0,0,0,0,0,0,0,0,0,1,0,0,0,0,0,0,0,0,0,0,0,0,0,0,0,0,0,0,0,0,0,0,0,0,0,0,0,0,0,0,0,0,0,0,0,0,0,0,0,0,0,0,0,0,0,0,0,0,0,0,0,0,0,0,0,0,0,0,0,0,0,0,0,0,0,0,0,0,0,0,0,0,0,0,0,0,0,0,0,0,0,0,0,0,0,0]",20900001001,{},{},{},{},,201,"{""<5"":0,""5-10"":0,""11-20"":0,""21-60"":0,""61-120"":0,""121-240"":1,"">240"":0}",{},{},"{""android"":0,""ios"":0}",,,,,
4/6/20,4/13/20,222-222@3f4-sfk-fvf,,United States Postal Service (USPS),755 Fairbanks St,College,AK,99709,US,SG_BRAND_27ee73cd1fb6f5e432852fea401eacce,United States Postal Service (USPS),2020-04-06T00:00:00-08:00,2020-04-13T00:00:00-08:00,63,28,"[9,11,10,12,9,10,2]","[0,0,0,0,0,0,2,0,0,0,0,2,0,1,1,0,1,1,1,0,0,0,0,0,0,0,0,0,0,0,2,2,1,0,0,2,0,1,0,2,0,0,1,0,0,0,0,0,0,0,0,0,0,0,2,1,0,1,1,0,0,0,1,1,2,1,0,0,0,0,0,0,0,0,1,0,1,0,3,0,0,0,0,1,0,0,3,2,0,0,1,0,0,0,0,0,0,0,0,0,0,0,2,1,0,0,0,0,0,0,0,2,3,1,0,0,0,0,0,0,0,0,0,0,0,0,2,1,0,0,0,0,1,1,5,0,0,0,0,0,0,0,0,0,0,0,0,1,0,0,0,0,0,0,0,0,1,0,0,0,0,0,0,0,0,0,0,0]",20900008001,"{""020200017313"":5,""022200002004"":4,""020900015005"":4,""020900009001"":4}","{""02090000800"":9,""02090000900"":5,""02090001900"":4,""02090001300"":4,""02090000500"":4}","{""020900009001"":4,""020900007003"":4,""020900013003"":4,""020900019005"":4}","{""US"":27}",6066,20,"{""<5"":3,""5-10"":18,""11-20"":14,""21-60"":9,""61-120"":8,""121-240"":11,"">240"":0}","{""Fred Meyer Jewelers"":15,""Chevrolet"":11,""Buick"":11,""GMC (General Motors Company)"":11,""Lithia Auto Stores"":11,""Fred Meyer"":9,""Walmart"":6,""Holiday Station"":6,""Costco"":6,""Sourdough Fuel"":4,""Toyota"":2,""Fresenius Kidney Care"":2,""Honda"":2,""Safeway Fuel Station"":2,""Pita Pit"":2,""Taco Bell"":2,""The Salvation Army"":2,""Concentra"":2,""Brown Jug"":2,""Subaru"":2}","{""Fred Meyer Jewelers"":36,""Fred Meyer"":32,""Holiday Station"":18,""Costco"":18,""Walmart"":14,""Safeway"":11,""McDonald's"":11,""Safeway Fuel Station"":7,""Sourdough Fuel"":7,""Taco Bell"":7,""John Deere"":7,""Toyota"":4,""Fresenius Kidney Care"":4,""Chevrolet"":4,""Honda"":4,""Quick Lane"":4,""Chevron"":4,""Pita Pit"":4,""Lowe's"":4,""The Salvation Army"":4}","{""android"":11,""ios"":15}",,,,,
4/6/20,4/13/20,222-222@3f4-sfv-g8v,,Kenworth,2262 Van Horn Rd,Fairbanks,AK,99701,US,SG_BRAND_3372ce431170e194,Kenworth,2020-04-06T00:00:00-08:00,2020-04-13T00:00:00-08:00,41,8,"[8,7,6,9,10,0,1]","[0,0,0,0,0,0,0,1,2,0,0,1,1,0,1,0,2,0,0,0,0,0,0,0,0,0,0,0,0,0,0,1,2,0,1,0,0,0,1,0,2,0,0,0,0,0,0,0,0,0,0,0,0,0,0,2,1,1,1,0,0,0,0,0,1,0,0,0,0,0,0,0,0,0,0,0,0,0,0,1,3,0,0,0,2,0,0,0,2,0,0,0,0,0,0,1,0,0,0,0,0,0,0,1,2,0,0,1,1,2,1,0,2,0,0,0,0,0,0,0,0,0,0,0,0,0,0,0,0,0,0,0,0,0,0,0,0,0,0,0,0,0,0,0,0,0,0,0,0,0,0,0,0,0,1,0,0,0,0,0,0,0,0,0,0,0,0,0]",20900010002,"{""020900006002"":4,""020900019003"":4,""020200017023"":4}","{""02090001900"":4,""02090000600"":4}","{""020900010002"":4}","{""US"":6}",17878,79,"{""<5"":0,""5-10"":2,""11-20"":3,""21-60"":9,""61-120"":12,""121-240"":5,"">240"":10}","{""Dodge"":10,""Chrysler"":10,""Sourdough Fuel"":10,""Lowe's"":10,""Jeep"":10,""Safeway Pharmacy"":10,""Ram"":10,""Walmart"":5,""Fresenius Kidney Care"":5,""Chevrolet"":5,""Concentra"":5,""Fred Meyer"":5,""Buick"":5,""CrossFit"":5,""GMC (General Motors Company)"":5,""Lithia Auto Stores"":5,""Jo-Ann Fabric and Craft Stores"":5}","{""Fred Meyer"":38,""Walmart"":25,""Dodge"":25,""Chrysler"":25,""Sourdough Fuel"":25,""Lowe's"":25,""Costco"":25,""Jeep"":25,""Safeway Pharmacy"":25,""Ram"":25,""Petco"":13,""Hyatt Place"":13,""Fresenius Kidney Care"":13,""Chevrolet"":13,""Taco Bell"":13,""Freightliner Trucks"":13,""Concentra"":13,""Wendy's"":13,""Buick"":13,""CrossFit"":13}","{""android"":5,""ios"":4}",,,,,
4/6/20,4/13/20,222-222@3x5-3f2-92k,,Mattress Firm,9717 N Newport Hwy,Country Homes,WA,99218,US,SG_BRAND_4b3b04f953d9c06053aba73ef4672702,Mattress Firm,2020-04-06T00:00:00-07:00,2020-04-13T00:00:00-07:00,3,3,"[1,0,0,0,0,2,0]","[0,0,0,0,0,0,0,0,0,0,0,0,0,0,0,0,0,0,0,1,0,0,0,0,0,0,0,0,0,0,0,0,0,0,0,0,0,0,0,0,0,0,0,0,0,0,0,0,0,0,0,0,0,0,0,0,0,0,0,0,0,0,0,0,0,0,0,0,0,0,0,0,0,0,0,0,0,0,0,0,0,0,0,0,0,0,0,0,0,0,0,0,0,0,0,0,0,0,0,0,0,0,0,0,0,0,0,0,0,0,0,0,0,0,0,0,0,0,0,0,0,0,0,0,0,0,0,0,0,0,0,0,0,0,1,0,0,0,1,0,0,0,0,0,0,0,0,0,0,0,0,0,0,0,0,0,0,0,0,0,0,0,0,0,0,0,0,0]",5.3063E+11,{},"{""53063001600"":4}",{},{},,10,"{""<5"":0,""5-10"":2,""11-20"":0,""21-60"":0,""61-120"":0,""121-240"":0,"">240"":1}",{},{},"{""android"":4,""ios"":0}",,,,,
4/6/20,4/13/20,222-222@3x5-43y-435,,Greyhound Park & Event Center,5100 W Riverbend Ave,Post Falls,ID,83854,US,,,2020-04-06T00:00:00-07:00,2020-04-13T00:00:00-07:00,26,8,"[5,5,7,5,2,1,1]","[0,0,1,0,0,0,0,1,1,0,0,0,0,0,0,0,0,0,0,1,1,0,0,0,0,0,0,0,0,0,0,0,3,0,0,0,0,0,0,0,0,0,0,1,1,0,0,0,0,0,0,0,0,0,0,1,2,1,0,0,0,0,0,0,0,0,1,0,2,0,0,0,0,0,0,0,0,0,0,0,2,0,0,0,0,0,0,1,0,0,0,0,2,0,0,0,0,0,0,0,0,0,0,1,1,0,0,0,0,0,0,0,0,0,0,0,0,0,0,0,0,0,0,0,0,0,0,0,0,0,0,0,0,0,0,0,0,0,0,1,0,0,0,0,0,0,0,0,0,0,0,0,0,0,0,0,0,0,0,0,0,0,0,0,1,0,0,0]",1.6055E+11,{},"{""41059950900"":4,""53063013201"":4,""53063012902"":4,""53063012200"":4}","{""530630129024"":4,""530630129023"":4}","{""US"":7}",15756,12.5,"{""<5"":3,""5-10"":9,""11-20"":4,""21-60"":6,""61-120"":4,""121-240"":0,"">240"":0}","{""Love's Travel Stops and Country Stores"":19,""Hardee's"":19,""Komatsu"":19,""ConocoPhillips"":10,""Maverik"":10,""Exxon Mobil"":10,""Walmart"":5,""Econo Lodge"":5,""Miracle-Ear"":5,""International Trucks"":5,""The Home Depot"":5,""Mobil"":5,""76"":5,""Ace Hardware"":5,""Pilot Flying J"":5,""TravelCenters of America"":5,""Caterpillar"":5,""Best Western"":5}","{""Exxon Mobil"":50,""Walmart"":38,""ConocoPhillips"":38,""International Trucks"":25,""Mobil"":25,""Love's Travel Stops and Country Stores"":25,""Maverik"":25,""Office Depot"":25,""Hardee's"":25,""Dodge"":13,""Econo Lodge"":13,""Chrysler"":13,""Kwik Trip"":13,""Miracle-Ear"":13,""BP"":13,""Superpumper"":13,""Taco Bell"":13,""The Home Depot"":13,""76"":13,""Ace Hardware"":13}","{""android"":6,""ios"":4}",,,,,
4/6/20,4/13/20,222-222@3x5-4n2-brk,,Disk And Spine Northwest,223 W Ironwood Dr,Coeur D Alene,ID,83814,US,,,2020-04-06T00:00:00-07:00,2020-04-13T00:00:00-07:00,4,4,"[0,0,0,3,1,0,0]","[0,0,0,0,0,0,0,0,0,0,0,0,0,0,0,0,0,0,0,0,0,0,0,0,0,0,0,0,0,0,0,0,0,0,0,0,0,0,0,0,0,0,0,0,0,0,0,0,0,0,0,0,0,0,0,0,0,0,0,0,0,0,0,0,0,0,0,0,0,0,0,0,0,0,0,0,0,0,0,0,0,1,1,0,0,0,0,0,0,1,0,0,0,0,0,0,0,0,0,0,0,0,0,0,0,1,0,0,0,0,0,0,0,0,0,0,0,0,0,0,0,0,0,0,0,0,0,0,0,0,0,0,0,0,0,0,0,0,0,0,0,0,0,0,0,0,0,0,0,0,0,0,0,0,0,0,0,0,0,0,0,0,0,0,0,0,0,0]",1.6055E+11,"{""530479703007"":4,""530630020005"":4}","{""53047970300"":4}",{},"{""US"":4}",,27,"{""<5"":0,""5-10"":1,""11-20"":0,""21-60"":3,""61-120"":0,""121-240"":0,"">240"":0}",{},{},"{""android"":0,""ios"":0}",,,,,
4/6/20,4/13/20,222-222@3x5-4sc-2c5,,Cannon Power Transmission,5209 E Railroad Ave,Spokane Valley,WA,99212,US,,,2020-04-06T00:00:00-07:00,2020-04-13T00:00:00-07:00,13,10,"[3,1,2,2,3,0,2]","[0,0,0,0,0,0,0,0,0,0,2,0,1,0,0,0,0,0,0,0,0,0,0,0,0,0,0,0,0,0,0,0,0,1,0,0,0,0,0,0,0,0,0,0,0,0,0,0,0,0,0,0,0,0,0,0,0,0,0,0,1,0,1,0,0,0,0,0,0,0,0,0,0,0,0,0,0,0,0,1,0,1,0,0,0,0,0,0,0,0,0,0,0,0,0,0,0,0,0,0,0,0,1,0,1,0,1,0,0,0,0,0,0,0,0,0,0,0,0,0,0,0,0,0,0,0,0,0,0,0,0,0,0,0,0,0,0,0,0,0,0,0,0,0,0,0,0,0,0,0,0,0,0,0,0,0,0,2,0,0,0,0,0,0,0,0,0,0]",5.3063E+11,"{""530630005002"":4,""160099501003"":4}","{""53065950600"":4}","{""530630002004"":4,""530630122001"":4,""530630114002"":4,""530659506002"":4}","{""US"":9}",8521,40,"{""<5"":1,""5-10"":2,""11-20"":1,""21-60"":4,""61-120"":2,""121-240"":2,"">240"":1}","{""International Trucks"":8,""ConocoPhillips"":8,""DaVita"":8,""Love's Travel Stops and Country Stores"":8,""O'Reilly Auto Parts"":8,""Dairy Queen"":8,""TravelCenters of America"":8,""Exxon Mobil"":8}","{""Walmart"":20,""Lowe's"":20,""The Home Depot"":20,""Safeway"":20,""TravelCenters of America"":20,""Shell Oil"":20,""Rosauers"":10,""Trader Joe's"":10,""Ramada"":10,""Total Wine & More"":10,""Sunglass Hut"":10,""Ross Stores"":10,""Albertsons"":10,""The Salvation Army"":10,""Freightliner Trucks"":10,""International Trucks"":10,""Helena Chemical"":10,""Starbucks"":10,""Wendy's"":10,""Holiday Inn"":10}","{""android"":8,""ios"":4}",,,,,
4/6/20,4/13/20,222-222@3x5-6ks-zcq,,Episcopal Church Diocesan Office,245 E 13th Ave,Spokane,WA,99202,US,,,2020-04-06T00:00:00-07:00,2020-04-13T00:00:00-07:00,1,1,"[0,0,0,1,0,0,0]","[0,0,0,0,0,0,0,0,0,0,0,0,0,0,0,0,0,0,0,0,0,0,0,0,0,0,0,0,0,0,0,0,0,0,0,0,0,0,0,0,0,0,0,0,0,0,0,0,0,0,0,0,0,0,0,0,0,0,0,0,0,0,0,0,0,0,0,0,0,0,0,0,0,0,0,0,0,0,0,0,0,0,0,0,0,0,0,0,0,1,0,0,0,0,0,0,0,0,0,0,0,0,0,0,0,0,0,0,0,0,0,0,0,0,0,0,0,0,0,0,0,0,0,0,0,0,0,0,0,0,0,0,0,0,0,0,0,0,0,0,0,0,0,0,0,0,0,0,0,0,0,0,0,0,0,0,0,0,0,0,0,0,0,0,0,0,0,0]",5.3063E+11,"{""530519705002"":4}",{},{},{},,20,"{""<5"":0,""5-10"":0,""11-20"":1,""21-60"":0,""61-120"":0,""121-240"":0,"">240"":0}",{},{},"{""android"":0,""ios"":0}",,,,,
4/6/20,4/13/20,222-222@5nw-5ty-4qf,,Lewis Drug,513 Broadway St,Centerville,SD,57014,US,SG_BRAND_db7d36e82c342df9e80d334e6d87c206,Lewis Drug,2020-04-06T00:00:00-05:00,2020-04-13T00:00:00-05:00,3,3,"[0,0,0,0,0,2,1]","[0,0,0,0,0,0,0,0,0,0,0,0,0,0,0,0,0,0,0,0,0,0,0,0,0,0,0,0,0,0,0,0,0,0,0,0,0,0,0,0,0,0,0,0,0,0,0,0,0,0,0,0,0,0,0,0,0,0,0,0,0,0,0,0,0,0,0,0,0,0,0,0,0,0,0,0,0,0,0,0,0,0,0,0,0,0,0,0,0,0,0,0,0,0,0,0,0,0,0,0,0,0,0,0,0,0,0,0,0,0,0,0,0,0,0,0,0,0,0,0,0,0,0,0,0,0,0,0,2,0,0,0,0,0,0,0,0,0,0,0,0,0,0,0,0,0,0,0,0,0,0,0,0,0,0,0,0,0,0,0,1,0,0,0,0,0,0,0]",4.6126E+11,"{""460830101072"":4}","{""46083010107"":4}",{},"{""US"":4}",,16,"{""<5"":0,""5-10"":0,""11-20"":2,""21-60"":1,""61-120"":0,""121-240"":0,"">240"":0}",{},{},"{""android"":4,""ios"":4}",,,,,
4/6/20,4/13/20,222-222@5nw-7ky-f9f,,Bon Homme Colony,31230 Colony Rd,Tabor,SD,57063,US,,,2020-04-06T00:00:00-05:00,2020-04-13T00:00:00-05:00,2,2,"[0,1,0,1,0,0,0]","[0,0,0,0,0,0,0,0,0,0,0,0,0,0,0,0,0,0,0,0,0,0,0,0,0,0,0,0,0,0,0,1,0,0,0,0,0,0,0,0,0,0,0,0,0,0,0,0,0,0,0,0,0,0,0,0,0,0,0,0,0,0,0,0,0,0,0,0,0,0,0,0,0,0,0,0,0,0,0,0,0,0,0,0,0,0,0,1,0,0,0,0,0,0,0,0,0,0,0,0,0,0,0,0,0,0,0,0,0,0,0,0,0,0,0,0,0,0,0,0,0,0,0,0,0,0,0,0,0,0,0,0,0,0,0,0,0,0,0,0,0,0,0,0,0,0,0,0,0,0,0,0,0,0,0,0,0,0,0,0,0,0,0,0,0,0,0,0]",4.601E+11,{},"{""46099001107"":4}",{},"{""US"":4}",,60,"{""<5"":0,""5-10"":1,""11-20"":0,""21-60"":0,""61-120"":1,""121-240"":0,"">240"":0}",{},{},"{""android"":4,""ios"":0}",,,,,
4/6/20,4/13/20,222-222@5nw-96p-t35,,Ferguson,46997 Sunset Blvd,Sioux Falls,SD,57106,US,SG_BRAND_e6ea0b3f88e22276c807f9f50199057b,Ferguson,2020-04-06T00:00:00-05:00,2020-04-13T00:00:00-05:00,6,6,"[1,0,2,0,1,2,0]","[0,0,0,0,0,0,0,0,0,0,1,0,0,0,0,0,0,0,0,0,0,0,0,0,0,0,0,0,0,0,0,0,0,0,0,0,0,0,0,0,0,0,0,0,0,0,0,0,0,0,0,0,0,0,0,0,0,0,1,0,0,0,0,1,0,0,0,0,0,0,0,0,0,0,0,0,0,0,0,0,0,0,0,0,0,0,0,0,0,0,0,0,0,0,0,0,0,0,0,0,0,0,0,0,0,0,0,0,0,1,0,0,0,0,0,0,0,0,0,0,0,0,0,0,0,0,0,0,0,0,0,0,0,0,1,0,0,0,0,0,0,0,0,1,0,0,0,0,0,0,0,0,0,0,0,0,0,0,0,0,0,0,0,0,0,0,0,0]",4.6083E+11,"{""460990018042"":4,""460990011052"":4}","{""46099001105"":4}",{},"{""US"":4}",13038,8.5,"{""<5"":0,""5-10"":4,""11-20"":1,""21-60"":1,""61-120"":0,""121-240"":0,"">240"":0}","{""Casey's General Stores"":17,""Holiday Station"":17,""Caribou Coffee"":17,""Mills Fleet Farm"":17,""Sinclair Oil"":17,""XPO"":17,""McDonald's"":17}","{""Sinclair Oil"":50,""Walmart"":33,""Casey's General Stores"":33,""Kohl's"":33,""CENEX"":33,""Kwik Trip"":17,""Zoup!"":17,""BP"":17,""American Tire Distributors (ATD)"":17,""Pita Pit"":17,""Blain‚Äôs Farm & Fleet"":17,""Taco Bell"":17,""Freightliner Trucks"":17,""Get-n-Go"":17,""WoodSpring Hotels"":17,""Popeyes Louisiana Kitchen"":17,""Holiday Station"":17,""Caribou Coffee"":17,""Starbucks"":17,""Hampton"":17}","{""android"":4,""ios"":0}",,,,,
4/6/20,4/13/20,222-222@5nw-96v-gx5,,Neighborhood Dental,605 E Brian St,Tea,SD,57064,US,,,2020-04-06T00:00:00-05:00,2020-04-13T00:00:00-05:00,12,11,"[2,2,0,0,3,5,0]","[0,0,0,0,0,0,0,0,1,1,0,0,0,0,0,0,0,0,0,0,0,0,0,0,0,0,0,0,0,0,0,0,0,1,1,0,0,0,0,0,0,0,0,0,0,0,0,0,0,0,0,0,0,0,0,0,0,0,0,0,0,0,0,0,0,0,0,0,0,0,0,0,0,0,0,0,0,0,0,0,0,0,0,0,0,0,0,0,0,0,0,0,0,0,0,0,0,0,0,0,0,0,0,0,0,0,0,0,1,0,0,0,0,2,0,0,0,0,0,0,0,0,0,0,0,0,1,0,2,0,0,0,1,0,0,0,0,0,0,1,0,0,0,0,0,0,0,0,0,0,0,0,0,0,0,0,0,0,0,0,0,0,0,0,0,0,0,0]",4.6083E+11,"{""460830101042"":4,""460830101011"":4}","{""46083010101"":4}","{""460830101011"":4,""460830101051"":4}","{""US"":10}",2471,25,"{""<5"":1,""5-10"":4,""11-20"":1,""21-60"":1,""61-120"":4,""121-240"":0,"">240"":1}","{""Shopko"":8,""Target"":8,""Casey's General Stores"":8,""BP"":8,""Buffalo Wild Wings"":8,""Dollar General"":8,""Dairy Queen"":8,""Culver's"":8,""Menard's"":8,""Lewis Drug"":8}","{""Walmart"":27,""BP"":27,""Target"":18,""Casey's General Stores"":18,""Dairy Queen"":18,""Culver's"":18,""Shopko"":9,""Get-n-Go"":9,""The Good Samaritan Society"":9,""Buffalo Wild Wings"":9,""Dollar General"":9,""Caribou Coffee"":9,""Sam's Club Fuel Center"":9,""Sinclair Oil"":9,""Godfather's Pizza"":9,""Subaru"":9,""CENEX"":9,""Menard's"":9,""Fareway Stores"":9,""Lewis Drug"":9}","{""android"":4,""ios"":7}",,,,,
4/6/20,4/13/20,222-222@5nw-9fx-d35,,Country Pride Co Op,500 SD Highway 44,Chancellor,SD,57015,US,,,2020-04-06T00:00:00-05:00,2020-04-13T00:00:00-05:00,25,6,"[2,4,4,6,5,2,2]","[0,0,0,0,0,0,0,1,0,0,0,0,1,0,0,0,0,0,0,0,0,0,0,0,0,0,0,0,0,0,0,2,1,0,0,0,0,0,0,0,1,0,0,0,0,0,0,0,0,0,0,0,0,0,0,2,1,0,0,0,0,1,0,0,0,0,0,0,0,0,0,0,0,0,0,0,0,0,0,1,1,0,1,0,1,0,0,0,1,0,0,1,0,0,0,0,0,0,0,0,0,0,0,3,0,0,0,0,0,0,1,0,1,0,0,0,0,0,0,0,0,0,0,0,0,0,0,0,0,0,0,0,0,0,1,0,1,0,0,0,0,0,0,0,0,0,0,0,0,0,0,0,0,0,0,1,0,0,0,0,1,0,0,0,0,0,0,0]",4.6126E+11,"{""460830103002"":4,""460990011013"":4}","{""46083010300"":6}","{""461259651004"":4}","{""US"":6}",8203,120,"{""<5"":0,""5-10"":3,""11-20"":1,""21-60"":2,""61-120"":7,""121-240"":3,"">240"":9}","{""Avera Health"":11,""CENEX"":11,""Pilot Flying J"":11,""Walmart"":6,""Jimmy John's"":6,""Chevrolet"":6,""Casey's General Stores"":6,""BP"":6,""Get-n-Go"":6,""Buick"":6,""Ace Hardware"":6,""Denny's"":6,""Subway"":6}","{""Walmart"":33,""BP"":33,""Get-n-Go"":33,""Avera Health"":33,""CENEX"":33,""Pilot Flying J"":33,""Arby's"":33,""Petco"":17,""Jimmy John's"":17,""Chevrolet"":17,""Quick Lane"":17,""Casey's General Stores"":17,""Murphy USA"":17,""Taco Bell"":17,""NAPA Auto Parts"":17,""Select Specialty Hospital"":17,""Nutrien Ag Solutions"":17,""Hy-Vee Gas Station"":17,""Peterbilt"":17,""Hy-Vee"":17}","{""android"":0,""ios"":4}",,,,,